{
    "type": "FeatureCollection",
    "features": [
        {
            "type": "Feature",
            "properties": {},
            "geometry": {
                "coordinates": [
                    [
                        13.534098163442337,
                        59.39149025998012
                    ],
                    [
                        13.534050062008077,
                        59.39152291565898
                    ],
                    [
                        13.534054070460883,
                        59.39160047277079
                    ],
                    [
                        13.534118205705227,
                        59.39195764138975
                    ],
                    [
                        13.534306601863562,
                        59.392392362451545
                    ],
                    [
                        13.534414829175631,
                        59.39256766185787
                    ],
                    [
                        13.534791623741626,
                        59.393024823970336
                    ],
                    [
                        13.535491500414821,
                        59.39388280475421
                    ],
                    [
                        13.535667872038545,
                        59.394097092849194
                    ],
                    [
                        13.535804159435742,
                        59.394297093007054
                    ],
                    [
                        13.536068717323047,
                        59.39464198846599
                    ],
                    [
                        13.536261122790393,
                        59.394905249937096
                    ],
                    [
                        13.536341291847577,
                        59.39502157392923
                    ],
                    [
                        13.536465553884796,
                        59.39518279424095
                    ],
                    [
                        13.536569773659153,
                        59.39533176928981
                    ],
                    [
                        13.536734117604425,
                        59.39557461738005
                    ],
                    [
                        13.5372236594568,
                        59.39625581341974
                    ],
                    [
                        13.537307836965397,
                        59.39638845826826
                    ],
                    [
                        13.537408047891716,
                        59.39658844537638
                    ],
                    [
                        13.537620495891872,
                        59.39691087032526
                    ],
                    [
                        13.537764800194765,
                        59.397143504142946
                    ],
                    [
                        13.537864828745654,
                        59.39731250761895
                    ],
                    [
                        13.538233605981588,
                        59.397951219092846
                    ],
                    [
                        13.538409977797926,
                        59.39823173689234
                    ],
                    [
                        13.538586349722294,
                        59.398529659530794
                    ],
                    [
                        13.53874668704313,
                        59.39882349871414
                    ],
                    [
                        13.538899008282385,
                        59.39914182176278
                    ],
                    [
                        13.539059346395334,
                        59.39938668330021
                    ],
                    [
                        13.539131498546823,
                        59.39950911340574
                    ],
                    [
                        13.539279811301213,
                        59.39959481421593
                    ],
                    [
                        13.539315887376944,
                        59.3996274620869
                    ],
                    [
                        13.539359980358398,
                        59.3997152030839
                    ],
                    [
                        13.539428123944816,
                        59.399890577884406
                    ],
                    [
                        13.53942010703912,
                        59.40004361317082
                    ],
                    [
                        13.53942010703912,
                        59.40016195998558
                    ],
                    [
                        13.539460191567713,
                        59.40028234683817
                    ],
                    [
                        13.539488250737719,
                        59.40034968167092
                    ],
                    [
                        13.539696690228112,
                        59.40083530487294
                    ],
                    [
                        13.540029391772919,
                        59.401571887498136
                    ],
                    [
                        13.54037411869433,
                        59.402384945491065
                    ],
                    [
                        13.540610617575226,
                        59.402925626110374
                    ],
                    [
                        13.541075598151963,
                        59.40398228380505
                    ],
                    [
                        13.541171785829533,
                        59.40422711837158
                    ],
                    [
                        13.541380225376798,
                        59.40450662653021
                    ],
                    [
                        13.541801112995728,
                        59.40487998025091
                    ],
                    [
                        13.542322211864644,
                        59.405208446775106
                    ],
                    [
                        13.542809259576984,
                        59.405447916682846
                    ],
                    [
                        13.543346392348639,
                        59.405647850559745
                    ],
                    [
                        13.544693233407088,
                        59.4059824312784
                    ],
                    [
                        13.544941757483002,
                        59.40602323341861
                    ],
                    [
                        13.545410746464682,
                        59.40611299795452
                    ],
                    [
                        13.546248514310037,
                        59.406282326184936
                    ],
                    [
                        13.54763544229533,
                        59.40654141791771
                    ],
                    [
                        13.549579541920878,
                        59.4069208696651
                    ],
                    [
                        13.551327222047291,
                        59.407263594881385
                    ],
                    [
                        13.551984609323398,
                        59.407408437959674
                    ],
                    [
                        13.552722164645331,
                        59.40765323975958
                    ],
                    [
                        13.552886511211142,
                        59.40771851994069
                    ],
                    [
                        13.553487779498738,
                        59.40801023986748
                    ],
                    [
                        13.553888624781848,
                        59.408273397055865
                    ],
                    [
                        13.554870695249491,
                        59.40915669388605
                    ],
                    [
                        13.555592216621932,
                        59.40984617913472
                    ],
                    [
                        13.555887622115591,
                        59.41012615580331
                    ],
                    [
                        13.55599585034139,
                        59.410285264408174
                    ],
                    [
                        13.556144163097173,
                        59.41048924870549
                    ],
                    [
                        13.556496906706172,
                        59.410931889502336
                    ],
                    [
                        13.55674943832986,
                        59.41134596929743
                    ],
                    [
                        13.556797539764176,
                        59.411437759508715
                    ],
                    [
                        13.557046063840062,
                        59.41202929045795
                    ],
                    [
                        13.55722644377218,
                        59.412586136372994
                    ],
                    [
                        13.55740682458719,
                        59.41330581957749
                    ],
                    [
                        13.557527079343288,
                        59.41379329371779
                    ],
                    [
                        13.557736768866846,
                        59.414672507613005
                    ],
                    [
                        13.55798792469912,
                        59.41570241720737
                    ],
                    [
                        13.558188347102572,
                        59.41657532251338
                    ],
                    [
                        13.558264507706923,
                        59.41693426738169
                    ],
                    [
                        13.558350079920956,
                        59.41742213713587
                    ],
                    [
                        13.558478350412457,
                        59.41816855636725
                    ],
                    [
                        13.558610629339995,
                        59.41887621214988
                    ],
                    [
                        13.55872286547222,
                        59.41962667459205
                    ],
                    [
                        13.558859152734357,
                        59.42061343797539
                    ],
                    [
                        13.558991431570377,
                        59.421502529732464
                    ],
                    [
                        13.559123710389997,
                        59.422416067376844
                    ],
                    [
                        13.55915577785683,
                        59.42270766073116
                    ],
                    [
                        13.559255989176876,
                        59.423321424548845
                    ],
                    [
                        13.559320124397857,
                        59.42365378916281
                    ],
                    [
                        13.559348183567835,
                        59.42368233576585
                    ],
                    [
                        13.559352192020725,
                        59.423753702168625
                    ],
                    [
                        13.559332149756443,
                        59.42380875614785
                    ],
                    [
                        13.55934016666211,
                        59.42386788809998
                    ],
                    [
                        13.559364217379283,
                        59.424024893126955
                    ],
                    [
                        13.559420335717931,
                        59.424139078143554
                    ],
                    [
                        13.559428352623598,
                        59.42425937979837
                    ],
                    [
                        13.559428352623598,
                        59.42438375902552
                    ],
                    [
                        13.559484470909581,
                        59.424755204098176
                    ],
                    [
                        13.55955662306107,
                        59.42525271097779
                    ],
                    [
                        13.55966084265279,
                        59.42613951109675
                    ],
                    [
                        13.559781018826584,
                        59.42709987558237
                    ],
                    [
                        13.559821103212755,
                        59.427466545567825
                    ],
                    [
                        13.559817094801957,
                        59.428434968318015
                    ],
                    [
                        13.559809077876707,
                        59.42929327357956
                    ],
                    [
                        13.559787280190847,
                        59.42991277946959
                    ],
                    [
                        13.55975922094666,
                        59.43058193077431
                    ],
                    [
                        13.559707111662277,
                        59.4309855751024
                    ],
                    [
                        13.559606900342203,
                        59.431293402652045
                    ],
                    [
                        13.558981540069226,
                        59.432528762093256
                    ],
                    [
                        13.558608611420908,
                        59.4332077600867
                    ],
                    [
                        13.558496374233442,
                        59.43346052965401
                    ],
                    [
                        13.558107554307469,
                        59.43427182431401
                    ],
                    [
                        13.557650590485565,
                        59.43512386677753
                    ],
                    [
                        13.557241728082602,
                        59.43593104510927
                    ],
                    [
                        13.557041306205292,
                        59.43633054962103
                    ],
                    [
                        13.55696514560097,
                        59.43654253011243
                    ],
                    [
                        13.556860924796524,
                        59.43694610529036
                    ],
                    [
                        13.556864933249386,
                        59.43706432319277
                    ],
                    [
                        13.556892992419364,
                        59.43736190436033
                    ],
                    [
                        13.557001221511626,
                        59.43775120061085
                    ],
                    [
                        13.557081389813135,
                        59.43819960077391
                    ],
                    [
                        13.557141516606038,
                        59.43847475230086
                    ],
                    [
                        13.557265170214123,
                        59.4390310928666
                    ],
                    [
                        13.557381415345588,
                        59.439544694617524
                    ],
                    [
                        13.557245128354538,
                        59.44033420391676
                    ],
                    [
                        13.557100826823984,
                        59.441131065993176
                    ],
                    [
                        13.556812509699114,
                        59.44193498210859
                    ],
                    [
                        13.556467341763124,
                        59.44294069978113
                    ],
                    [
                        13.556146529325588,
                        59.4438599789091
                    ],
                    [
                        13.55600222502403,
                        59.44425939059292
                    ],
                    [
                        13.555675307458415,
                        59.44527044836042
                    ],
                    [
                        13.555394411266121,
                        59.44612471567757
                    ],
                    [
                        13.555265968610058,
                        59.44650637170906
                    ],
                    [
                        13.555144298213577,
                        59.446875070489654
                    ],
                    [
                        13.554907799496249,
                        59.4476025019662
                    ],
                    [
                        13.554583077279972,
                        59.4486456969955
                    ],
                    [
                        13.554581060706852,
                        59.44863878750408
                    ],
                    [
                        13.55444878176391,
                        59.44905444287252
                    ],
                    [
                        13.55421009216721,
                        59.4497578633117
                    ],
                    [
                        13.554076054971262,
                        59.45018269357459
                    ],
                    [
                        13.553869977676953,
                        59.45080395676507
                    ],
                    [
                        13.553633478678933,
                        59.45152111692667
                    ],
                    [
                        13.553520982649388,
                        59.451962885666546
                    ],
                    [
                        13.55334862353078,
                        59.452451842258824
                    ],
                    [
                        13.553284488285016,
                        59.452631124984435
                    ],
                    [
                        13.553018528766813,
                        59.453400140329904
                    ],
                    [
                        13.552765998006748,
                        59.4541274307457
                    ],
                    [
                        13.552525377824509,
                        59.45483028876413
                    ],
                    [
                        13.552300782805077,
                        59.45552730403617
                    ],
                    [
                        13.55207609319217,
                        59.45627536199311
                    ],
                    [
                        13.551823563155807,
                        59.45707796044948
                    ],
                    [
                        13.551742635677329,
                        59.45731325932232
                    ],
                    [
                        13.551593440006457,
                        59.45778488287817
                    ],
                    [
                        13.55143695790332,
                        59.45826760539737
                    ],
                    [
                        13.551204467638854,
                        59.45893775816316
                    ],
                    [
                        13.550967890448504,
                        59.45977691738244
                    ],
                    [
                        13.550999271679615,
                        59.4601975550612
                    ],
                    [
                        13.551185006101491,
                        59.46061342548816
                    ],
                    [
                        13.551281208970124,
                        59.46079470174561
                    ],
                    [
                        13.551870451223152,
                        59.46137926095
                    ],
                    [
                        13.552335431752027,
                        59.461682738495426
                    ],
                    [
                        13.552931359033096,
                        59.46198418707422
                    ],
                    [
                        13.554316196531147,
                        59.462414669337335
                    ],
                    [
                        13.556544198844222,
                        59.463061804934
                    ],
                    [
                        13.558083446165682,
                        59.463501723941505
                    ],
                    [
                        13.559827123618135,
                        59.46400069827169
                    ],
                    [
                        13.561422603511005,
                        59.46445693639737
                    ],
                    [
                        13.56201184704122,
                        59.46463412019111
                    ],
                    [
                        13.562593072703038,
                        59.46488054487551
                    ],
                    [
                        13.563294552793792,
                        59.46526138043055
                    ],
                    [
                        13.563667338906896,
                        59.46548539878765
                    ],
                    [
                        13.564060744968742,
                        59.46579783083439
                    ],
                    [
                        13.564918825614257,
                        59.46698749782931
                    ],
                    [
                        13.565539597032398,
                        59.46786871513294
                    ],
                    [
                        13.566110225403747,
                        59.468718379834144
                    ],
                    [
                        13.566686226169963,
                        59.469600283412404
                    ],
                    [
                        13.566746352152421,
                        59.469673590168185
                    ],
                    [
                        13.567006901586865,
                        59.47047994401643
                    ],
                    [
                        13.567283484675556,
                        59.47128627869532
                    ],
                    [
                        13.567604161213637,
                        59.472221280373304
                    ],
                    [
                        13.567913595577068,
                        59.473104022835145
                    ],
                    [
                        13.568138068268013,
                        59.4737128010934
                    ],
                    [
                        13.568225575824215,
                        59.47400348686904
                    ],
                    [
                        13.568230401444367,
                        59.47423143594918
                    ],
                    [
                        13.568191796482893,
                        59.47464566206017
                    ],
                    [
                        13.568080588249245,
                        59.47512342207685
                    ],
                    [
                        13.567916520211526,
                        59.47556214581488
                    ],
                    [
                        13.567646285482084,
                        59.47638075672424
                    ],
                    [
                        13.567356109904438,
                        59.47732646371301
                    ],
                    [
                        13.567032794623515,
                        59.47833676481724
                    ],
                    [
                        13.566714248814833,
                        59.47933422220774
                    ],
                    [
                        13.566373978431926,
                        59.480409991621116
                    ],
                    [
                        13.566069834465196,
                        59.4813142845903
                    ],
                    [
                        13.565731313774762,
                        59.48236232066111
                    ],
                    [
                        13.565538288949,
                        59.48293572506162
                    ],
                    [
                        13.565306571368353,
                        59.4837811783255
                    ],
                    [
                        13.564971702252961,
                        59.48474301885719
                    ],
                    [
                        13.564740072485819,
                        59.48513261342757
                    ],
                    [
                        13.564392122813388,
                        59.48557913753345
                    ],
                    [
                        13.56397229385999,
                        59.485988324096354
                    ],
                    [
                        13.563518601709262,
                        59.486387704362755
                    ],
                    [
                        13.563050516554028,
                        59.48673072713686
                    ],
                    [
                        13.562307371050053,
                        59.487157050584756
                    ],
                    [
                        13.560507124945673,
                        59.488217861399676
                    ],
                    [
                        13.558827581355587,
                        59.48920760616835
                    ],
                    [
                        13.558387828194697,
                        59.489469704010816
                    ],
                    [
                        13.557113864473024,
                        59.49021693094571
                    ],
                    [
                        13.55601843709428,
                        59.49087839610357
                    ],
                    [
                        13.55464796271636,
                        59.49169418517778
                    ],
                    [
                        13.553597903092225,
                        59.49231152915186
                    ],
                    [
                        13.552092662256172,
                        59.493189056907596
                    ],
                    [
                        13.550387007477411,
                        59.494228455028264
                    ],
                    [
                        13.549064790453286,
                        59.49499027242277
                    ],
                    [
                        13.547461417529803,
                        59.49593333155423
                    ],
                    [
                        13.545763693199888,
                        59.49696888460343
                    ],
                    [
                        13.545314501677552,
                        59.497238578455864
                    ],
                    [
                        13.54432042392483,
                        59.49789745732869
                    ],
                    [
                        13.543165754842363,
                        59.498765711099054
                    ],
                    [
                        13.541949111655896,
                        59.49973266072078
                    ],
                    [
                        13.540641375447933,
                        59.500847027938136
                    ],
                    [
                        13.539588866348254,
                        59.50173386659054
                    ],
                    [
                        13.53861152657393,
                        59.50255747113039
                    ],
                    [
                        13.537484339304171,
                        59.50347572129735
                    ],
                    [
                        13.536498058114972,
                        59.5042048373343
                    ],
                    [
                        13.53544832701678,
                        59.50498300983037
                    ],
                    [
                        13.534221973188295,
                        59.505769673187984
                    ],
                    [
                        13.533370713080387,
                        59.5064217634843
                    ],
                    [
                        13.532792858991229,
                        59.50688865411928
                    ],
                    [
                        13.532252319234033,
                        59.50753496278671
                    ],
                    [
                        13.531818013419183,
                        59.50807855660506
                    ],
                    [
                        13.531074737448819,
                        59.50901410980103
                    ],
                    [
                        13.53051472564826,
                        59.50973188827092
                    ],
                    [
                        13.529689277364525,
                        59.51075723885569
                    ],
                    [
                        13.528854131578413,
                        59.51174659311525
                    ],
                    [
                        13.528298788128296,
                        59.5123759702372
                    ],
                    [
                        13.527743841810604,
                        59.51285583150465
                    ],
                    [
                        13.527326586525419,
                        59.51322290481801
                    ],
                    [
                        13.52667030218393,
                        59.51366847931948
                    ],
                    [
                        13.52567601848088,
                        59.51434907049699
                    ],
                    [
                        13.525125897783397,
                        59.51468936107193
                    ],
                    [
                        13.524334615605426,
                        59.515231922700394
                    ],
                    [
                        13.5237700180474,
                        59.51559913298726
                    ],
                    [
                        13.52248152112034,
                        59.516433906523815
                    ],
                    [
                        13.521758598352307,
                        59.51683557022673
                    ],
                    [
                        13.521232605755756,
                        59.517121980975446
                    ],
                    [
                        13.519953359872318,
                        59.51766056235843
                    ],
                    [
                        13.517723276843668,
                        59.518512586239666
                    ],
                    [
                        13.515851987438339,
                        59.519263006636606
                    ],
                    [
                        13.51342719413941,
                        59.52019460585706
                    ],
                    [
                        13.512785388254429,
                        59.520444272123314
                    ],
                    [
                        13.511969858447657,
                        59.5207624720874
                    ],
                    [
                        13.510478739716575,
                        59.521326251430054
                    ],
                    [
                        13.509769373553837,
                        59.52152940490194
                    ],
                    [
                        13.509306114018813,
                        59.52162730975209
                    ],
                    [
                        13.508635352816668,
                        59.521752138024425
                    ],
                    [
                        13.508167267661491,
                        59.521810880580716
                    ],
                    [
                        13.507240741348255,
                        59.52187696655298
                    ],
                    [
                        13.506217709874477,
                        59.52187696655298
                    ],
                    [
                        13.504716939282531,
                        59.5218696239979
                    ],
                    [
                        13.503202293928553,
                        59.52186844388859
                    ],
                    [
                        13.501793212842728,
                        59.521865996288284
                    ],
                    [
                        13.498762722019762,
                        59.521853758277786
                    ],
                    [
                        13.497767014021633,
                        59.52186363135664
                    ],
                    [
                        13.495711299834511,
                        59.52184894575004
                    ],
                    [
                        13.49274836912113,
                        59.521834260145255
                    ],
                    [
                        13.490190785623469,
                        59.521841603576036
                    ],
                    [
                        13.489158101021928,
                        59.521839156242834
                    ],
                    [
                        13.487975824083804,
                        59.52184405144715
                    ],
                    [
                        13.48729346403951,
                        59.52184703752465
                    ],
                    [
                        13.486304211907054,
                        59.521964522204286
                    ],
                    [
                        13.485709252304616,
                        59.522074842076705
                    ],
                    [
                        13.484773081994149,
                        59.52236120833189
                    ],
                    [
                        13.484198833194881,
                        59.52261330652672
                    ],
                    [
                        13.483821545730137,
                        59.52282880266986
                    ],
                    [
                        13.483256948171231,
                        59.523213062768434
                    ],
                    [
                        13.482264544163087,
                        59.52390440225747
                    ],
                    [
                        13.481434540896885,
                        59.52447465278806
                    ],
                    [
                        13.48077825655534,
                        59.52492497341086
                    ],
                    [
                        13.48018071346101,
                        59.525335708208615
                    ],
                    [
                        13.479620941523137,
                        59.52578601733066
                    ],
                    [
                        13.479452044817606,
                        59.52596711821673
                    ],
                    [
                        13.479196623490537,
                        59.52636492827719
                    ],
                    [
                        13.478950269502604,
                        59.52696704648454
                    ],
                    [
                        13.478834454619061,
                        59.52725826561053
                    ],
                    [
                        13.478959920742994,
                        59.527373284235836
                    ],
                    [
                        13.47889236102236,
                        59.5275578293774
                    ],
                    [
                        13.47891648912244,
                        59.52765326954429
                    ],
                    [
                        13.479003350285751,
                        59.52801789743745
                    ],
                    [
                        13.479080560207791,
                        59.52825771766004
                    ],
                    [
                        13.479317584910774,
                        59.5286082334263
                    ],
                    [
                        13.479602296499877,
                        59.5289239092651
                    ],
                    [
                        13.479960467751454,
                        59.529356776421906
                    ],
                    [
                        13.48027895868185,
                        59.529750750239145
                    ],
                    [
                        13.480469084002891,
                        59.53001436998838
                    ],
                    [
                        13.480531817064417,
                        59.53010001519135
                    ],
                    [
                        13.48080205179295,
                        59.53025906999096
                    ],
                    [
                        13.481579030365651,
                        59.53119636464325
                    ],
                    [
                        13.481802451963318,
                        59.531431803918366
                    ],
                    [
                        13.482260885322205,
                        59.531970118429626
                    ],
                    [
                        13.482555248151726,
                        59.53235672118828
                    ],
                    [
                        13.482627632453614,
                        59.53250108437243
                    ],
                    [
                        13.482560073771879,
                        59.532596510544664
                    ],
                    [
                        13.482671065246791,
                        59.5327119687347
                    ],
                    [
                        13.482709670208266,
                        59.53276579857936
                    ],
                    [
                        13.48308606857998,
                        59.53321600846098
                    ],
                    [
                        13.483230837184635,
                        59.533384835616204
                    ],
                    [
                        13.483409383907372,
                        59.53349983426082
                    ],
                    [
                        13.483452814488146,
                        59.53355121609516
                    ],
                    [
                        13.483467291348688,
                        59.533678446967514
                    ],
                    [
                        13.483805082570967,
                        59.534113964734956
                    ],
                    [
                        13.484094619780308,
                        59.534485862801546
                    ],
                    [
                        13.484415244918608,
                        59.534907273494696
                    ],
                    [
                        13.484695130888412,
                        59.53523267686805
                    ],
                    [
                        13.485047828783621,
                        59.53564925210034
                    ],
                    [
                        13.48512986432678,
                        59.53572754320467
                    ],
                    [
                        13.48551591248551,
                        59.536219306700104
                    ],
                    [
                        13.485892310857253,
                        59.53665968434734
                    ],
                    [
                        13.486181848067417,
                        59.536997303313086
                    ],
                    [
                        13.486466559950685,
                        59.53741076079879
                    ],
                    [
                        13.486688538477381,
                        59.537706782607245
                    ],
                    [
                        13.486818830221495,
                        59.53797344465494
                    ],
                    [
                        13.486950428960824,
                        59.538466041806345
                    ],
                    [
                        13.48690217275987,
                        59.53870578769906
                    ],
                    [
                        13.486858471865531,
                        59.53913445045171
                    ],
                    [
                        13.48677161070222,
                        59.53930324796033
                    ],
                    [
                        13.48642416605071,
                        59.539838990975426
                    ],
                    [
                        13.486250424697147,
                        59.54006895160941
                    ],
                    [
                        13.485946410626411,
                        59.54053863390317
                    ],
                    [
                        13.485723969519597,
                        59.54090461701594
                    ],
                    [
                        13.485444083550618,
                        59.5413106868111
                    ],
                    [
                        13.4850285907157,
                        59.54185605806316
                    ],
                    [
                        13.48473905350636,
                        59.542271900869736
                    ],
                    [
                        13.484050564226663,
                        59.5431493782244
                    ],
                    [
                        13.483686877807827,
                        59.54360688450217
                    ],
                    [
                        13.483237798937267,
                        59.5441108359237
                    ],
                    [
                        13.483310183239126,
                        59.544252702786906
                    ],
                    [
                        13.483015820865063,
                        59.544600029339904
                    ],
                    [
                        13.482518781988801,
                        59.5451307963169
                    ],
                    [
                        13.481978315294725,
                        59.54574224165606
                    ],
                    [
                        13.48175151114782,
                        59.545769146183204
                    ],
                    [
                        13.481654998744148,
                        59.54582784689609
                    ],
                    [
                        13.481418543356881,
                        59.54608221546823
                    ],
                    [
                        13.481142894721359,
                        59.5463936587239
                    ],
                    [
                        13.480780973210216,
                        59.5468069997365
                    ],
                    [
                        13.480264469722897,
                        59.54737197154844
                    ],
                    [
                        13.479859117630014,
                        59.54779997486662
                    ],
                    [
                        13.479439295159011,
                        59.54827932938275
                    ],
                    [
                        13.479058071167088,
                        59.548770908059765
                    ],
                    [
                        13.478889032426991,
                        59.54904234359145
                    ],
                    [
                        13.478802171263709,
                        59.549440978516145
                    ],
                    [
                        13.478802171263709,
                        59.549641517001106
                    ],
                    [
                        13.478780089392416,
                        59.549910813098194
                    ],
                    [
                        13.478837996834585,
                        59.55055888144295
                    ],
                    [
                        13.47886212525438,
                        59.551016190818814
                    ],
                    [
                        13.479098580508861,
                        59.551717788058795
                    ],
                    [
                        13.479484630038087,
                        59.55225384102985
                    ],
                    [
                        13.48036692814614,
                        59.55324693745831
                    ],
                    [
                        13.480760265306259,
                        59.5537164858265
                    ],
                    [
                        13.48095811573205,
                        59.55393411576716
                    ],
                    [
                        13.481011722131655,
                        59.55411963611647
                    ],
                    [
                        13.481301259340938,
                        59.55495834946015
                    ],
                    [
                        13.481600447310058,
                        59.55577748173911
                    ],
                    [
                        13.481863098146817,
                        59.55651363378763
                    ],
                    [
                        13.482099473262423,
                        59.557174005290705
                    ],
                    [
                        13.482386012957193,
                        59.55796973407212
                    ],
                    [
                        13.482720785846197,
                        59.55891285968144
                    ],
                    [
                        13.482983755256527,
                        59.55962671029778
                    ],
                    [
                        13.483085979591976,
                        59.55992614952626
                    ],
                    [
                        13.48322109668652,
                        59.56028064927898
                    ],
                    [
                        13.483472028934386,
                        59.560992081907784
                    ],
                    [
                        13.483747088844382,
                        59.561776841050005
                    ],
                    [
                        13.484026975591092,
                        59.562512686592356
                    ],
                    [
                        13.484338306913685,
                        59.56341191343853
                    ],
                    [
                        13.484701693163771,
                        59.56439424051018
                    ],
                    [
                        13.484884950382622,
                        59.564930143973896
                    ],
                    [
                        13.485044195847792,
                        59.56540192412518
                    ],
                    [
                        13.485430245788734,
                        59.566448128546085
                    ],
                    [
                        13.485787661122032,
                        59.56742194126559
                    ],
                    [
                        13.486101326839332,
                        59.5683190587915
                    ],
                    [
                        13.486412349411921,
                        59.56913974406916
                    ],
                    [
                        13.486436477512825,
                        59.56924239897603
                    ],
                    [
                        13.486723269097382,
                        59.57003294787043
                    ],
                    [
                        13.486983853145688,
                        59.5707355673197
                    ],
                    [
                        13.487278216018723,
                        59.57154626587422
                    ],
                    [
                        13.487572578999249,
                        59.57235521814377
                    ],
                    [
                        13.487947384116467,
                        59.573330777793814
                    ],
                    [
                        13.488279988663209,
                        59.57423665072312
                    ],
                    [
                        13.488641910151074,
                        59.575283763001096
                    ],
                    [
                        13.488909699548088,
                        59.57617440668443
                    ],
                    [
                        13.489035165085255,
                        59.5770130754905
                    ],
                    [
                        13.489134442604808,
                        59.57770510123336
                    ],
                    [
                        13.489550614511359,
                        59.57873841533058
                    ],
                    [
                        13.490023752283975,
                        59.57990643107078
                    ],
                    [
                        13.490163695543373,
                        59.58029261506286
                    ],
                    [
                        13.49021195174521,
                        59.58067622011319
                    ],
                    [
                        13.490166206966023,
                        59.58099512309016
                    ],
                    [
                        13.489924925957695,
                        59.581376276850534
                    ],
                    [
                        13.489473710486806,
                        59.58205796516086
                    ],
                    [
                        13.489181637413594,
                        59.58246482211342
                    ],
                    [
                        13.489032043188786,
                        59.58265050483362
                    ],
                    [
                        13.488998263847463,
                        59.582968117637364
                    ],
                    [
                        13.488978816646181,
                        59.583168602870956
                    ],
                    [
                        13.48912841087099,
                        59.58364257049942
                    ],
                    [
                        13.489545667528432,
                        59.58453555978818
                    ],
                    [
                        13.489594254115474,
                        59.58484716571587
                    ],
                    [
                        13.489584602875937,
                        59.58548967578568
                    ],
                    [
                        13.489665160187855,
                        59.58576740154572
                    ],
                    [
                        13.490205438990102,
                        59.58706201435942
                    ],
                    [
                        13.490397918180662,
                        59.58752078156286
                    ],
                    [
                        13.490523384304595,
                        59.58802888703164
                    ],
                    [
                        13.490565414916091,
                        59.58865052644009
                    ],
                    [
                        13.490565416723484,
                        59.58904089037347
                    ],
                    [
                        13.49070529604765,
                        59.58945976020806
                    ],
                    [
                        13.491072043179088,
                        59.59016813353472
                    ],
                    [
                        13.49131035254075,
                        59.590622835891054
                    ],
                    [
                        13.491529287421258,
                        59.59146501948737
                    ],
                    [
                        13.491567892411467,
                        59.591927196847394
                    ],
                    [
                        13.49150913222951,
                        59.59286151634947
                    ],
                    [
                        13.491334917842778,
                        59.59351790785101
                    ],
                    [
                        13.4911274157717,
                        59.59439968282456
                    ],
                    [
                        13.49087133502897,
                        59.59539882738042
                    ],
                    [
                        13.49055730233843,
                        59.5965786029428
                    ],
                    [
                        13.490338959011694,
                        59.59752796035204
                    ],
                    [
                        13.490289951521362,
                        59.59789624019052
                    ],
                    [
                        13.490096926715779,
                        59.598621529994006
                    ],
                    [
                        13.489907876195389,
                        59.59936360885996
                    ],
                    [
                        13.489740387634868,
                        59.60007181268608
                    ],
                    [
                        13.489542656128123,
                        59.600674847112685
                    ],
                    [
                        13.48949439992711,
                        59.60084821998299
                    ],
                    [
                        13.489219339578426,
                        59.60122914878232
                    ],
                    [
                        13.488682688037187,
                        59.601650165101546
                    ],
                    [
                        13.488093962378201,
                        59.60203108481281
                    ],
                    [
                        13.486868262774806,
                        59.60250966898107
                    ],
                    [
                        13.486202327192927,
                        59.60277093461818
                    ],
                    [
                        13.485000747299182,
                        59.60305905689219
                    ],
                    [
                        13.484001843926336,
                        59.60319090867688
                    ],
                    [
                        13.482573456637397,
                        59.603205559140235
                    ],
                    [
                        13.481130596210221,
                        59.603205559140235
                    ],
                    [
                        13.479972442330023,
                        59.603193349510434
                    ],
                    [
                        13.478910805895623,
                        59.603193349510434
                    ],
                    [
                        13.47854405656426,
                        59.603190907138185
                    ],
                    [
                        13.477188057299543,
                        59.603176256965355
                    ],
                    [
                        13.475894784957632,
                        59.603176255631865
                    ],
                    [
                        13.474287853445048,
                        59.60311032977543
                    ],
                    [
                        13.473158677142948,
                        59.60299313044109
                    ],
                    [
                        13.472338321716023,
                        59.6029052287914
                    ],
                    [
                        13.471078838127397,
                        59.60269524133048
                    ],
                    [
                        13.46978557192503,
                        59.602614664112934
                    ],
                    [
                        13.468694983269529,
                        59.602619547756774
                    ],
                    [
                        13.467493400987337,
                        59.60279291172904
                    ],
                    [
                        13.466417287692451,
                        59.6031225428315
                    ],
                    [
                        13.465963679397731,
                        59.60333741173545
                    ],
                    [
                        13.465302567497417,
                        59.603725637738194
                    ],
                    [
                        13.464974425326659,
                        59.60397224409803
                    ],
                    [
                        13.464526358190199,
                        59.60446089947595
                    ],
                    [
                        13.464318836431971,
                        59.60483203129411
                    ],
                    [
                        13.464260928568507,
                        59.605251979777904
                    ],
                    [
                        13.464256102948355,
                        59.60559379436782
                    ],
                    [
                        13.464333312870394,
                        59.60587456803708
                    ],
                    [
                        13.464478081400074,
                        59.606130924847605
                    ],
                    [
                        13.465124714272264,
                        59.60688045071021
                    ],
                    [
                        13.465703788690888,
                        59.60743709143219
                    ],
                    [
                        13.465742393263753,
                        59.60749080264216
                    ],
                    [
                        13.466461410667648,
                        59.608193913461946
                    ],
                    [
                        13.466958449563435,
                        59.608687059006314
                    ],
                    [
                        13.467479616540743,
                        59.60921437472834
                    ],
                    [
                        13.467841537938995,
                        59.60961473877407
                    ],
                    [
                        13.467894619761012,
                        59.60972703508611
                    ],
                    [
                        13.467928399101424,
                        59.60976853580229
                    ],
                    [
                        13.468294061852134,
                        59.61065712862003
                    ],
                    [
                        13.468424353597129,
                        59.610947624513955
                    ],
                    [
                        13.468506754316678,
                        59.611128821727135
                    ],
                    [
                        13.468641871680916,
                        59.61137537376587
                    ],
                    [
                        13.468733558464436,
                        59.61167318668711
                    ],
                    [
                        13.469090654224118,
                        59.612569050033756
                    ],
                    [
                        13.469380869692657,
                        59.613166024804684
                    ],
                    [
                        13.469595093598201,
                        59.61361167378891
                    ],
                    [
                        13.469812246505597,
                        59.61426583876798
                    ],
                    [
                        13.470019751035153,
                        59.61498100843119
                    ],
                    [
                        13.470145078305137,
                        59.615801295406015
                    ],
                    [
                        13.470231939034022,
                        59.61658241865345
                    ],
                    [
                        13.470294671998232,
                        59.61730974581795
                    ],
                    [
                        13.470209651891082,
                        59.617878469247955
                    ],
                    [
                        13.47017587255067,
                        59.618122531146895
                    ],
                    [
                        13.470098664368749,
                        59.61872043265217
                    ],
                    [
                        13.47004075692655,
                        59.619015739922844
                    ],
                    [
                        13.469962714989066,
                        59.61940748821962
                    ],
                    [
                        13.469919284408292,
                        59.61973451587423
                    ],
                    [
                        13.46990476749292,
                        59.62029100530185
                    ],
                    [
                        13.469904655696467,
                        59.620601463410196
                    ],
                    [
                        13.469996342479988,
                        59.62116763840132
                    ],
                    [
                        13.470116981683418,
                        59.621854385901656
                    ],
                    [
                        13.470575681420087,
                        59.62282616450358
                    ],
                    [
                        13.47088512786695,
                        59.62345194081706
                    ],
                    [
                        13.471338852488998,
                        59.62459691439085
                    ],
                    [
                        13.471729727846224,
                        59.62542536700212
                    ],
                    [
                        13.471856376266459,
                        59.625677692078455
                    ],
                    [
                        13.472155564716104,
                        59.62632186204908
                    ],
                    [
                        13.472678016858737,
                        59.62744571224849
                    ],
                    [
                        13.473034177155228,
                        59.628166975935414
                    ],
                    [
                        13.47315964320262,
                        59.628420722414205
                    ],
                    [
                        13.473458831652295,
                        59.62903068233689
                    ],
                    [
                        13.473789608561418,
                        59.629736450423735
                    ],
                    [
                        13.474249055639604,
                        59.630747053072525
                    ],
                    [
                        13.474710996013641,
                        59.63171596403549
                    ],
                    [
                        13.475134126356437,
                        59.632627427603325
                    ],
                    [
                        13.475632174646734,
                        59.633687300187006
                    ],
                    [
                        13.476114999913278,
                        59.634739898207926
                    ],
                    [
                        13.476579245345192,
                        59.63573421487595
                    ],
                    [
                        13.476979771685535,
                        59.63658553018445
                    ],
                    [
                        13.477438459683668,
                        59.63752540820096
                    ],
                    [
                        13.47791884123717,
                        59.638626149903416
                    ],
                    [
                        13.478345376780823,
                        59.639515342085645
                    ],
                    [
                        13.478611095716786,
                        59.640100251281154
                    ],
                    [
                        13.478712433739815,
                        59.640295371763244
                    ],
                    [
                        13.479244083941268,
                        59.64143974731442
                    ],
                    [
                        13.479737798586882,
                        59.64253168841063
                    ],
                    [
                        13.480167424814965,
                        59.643480529905474
                    ],
                    [
                        13.480735506075547,
                        59.64471181387762
                    ],
                    [
                        13.48122771939245,
                        59.64572872712424
                    ],
                    [
                        13.481690979158714,
                        59.64674561002764
                    ],
                    [
                        13.482197925051736,
                        59.64782881691295
                    ],
                    [
                        13.482569497219487,
                        59.64858960456402
                    ],
                    [
                        13.483018280214225,
                        59.649568626359866
                    ],
                    [
                        13.483520557757743,
                        59.650668814608906
                    ],
                    [
                        13.483989066581046,
                        59.65166890864066
                    ],
                    [
                        13.484486365901148,
                        59.65273924968369
                    ],
                    [
                        13.48495492531859,
                        59.653725182844454
                    ],
                    [
                        13.485418185213433,
                        59.65475645085277
                    ],
                    [
                        13.48589109640389,
                        59.65575500777368
                    ],
                    [
                        13.48636400741114,
                        59.65676427305007
                    ],
                    [
                        13.486770160821663,
                        59.65763251471964
                    ],
                    [
                        13.48704265430652,
                        59.65821066940828
                    ],
                    [
                        13.487474516438283,
                        59.65911202811259
                    ],
                    [
                        13.487892697465043,
                        59.65995413019127
                    ],
                    [
                        13.48837819805837,
                        59.66095991482538
                    ],
                    [
                        13.488720487376156,
                        59.66167941307117
                    ],
                    [
                        13.489104618456139,
                        59.662427957334614
                    ],
                    [
                        13.489287991745016,
                        59.66279356483915
                    ],
                    [
                        13.48940380662853,
                        59.66304461236308
                    ],
                    [
                        13.489958752947103,
                        59.66344677195505
                    ],
                    [
                        13.490402237829898,
                        59.66375880283053
                    ],
                    [
                        13.491299803178862,
                        59.66425113251546
                    ],
                    [
                        13.492151105471663,
                        59.664737822148595
                    ],
                    [
                        13.49248199393557,
                        59.664924805380025
                    ],
                    [
                        13.492989125768162,
                        59.66546740584093
                    ],
                    [
                        13.493336570576048,
                        59.66618636293853
                    ],
                    [
                        13.493484264927105,
                        59.66688773118207
                    ],
                    [
                        13.493623483458293,
                        59.667653417706504
                    ],
                    [
                        13.493806856057233,
                        59.668525857696324
                    ],
                    [
                        13.49393714789312,
                        59.669071148091035
                    ],
                    [
                        13.493835809870149,
                        59.669424497800804
                    ],
                    [
                        13.493319468126742,
                        59.67029201647733
                    ],
                    [
                        13.492981421730434,
                        59.67087223259915
                    ],
                    [
                        13.49266775642019,
                        59.67125236757158
                    ],
                    [
                        13.49197471520796,
                        59.672206263608416
                    ],
                    [
                        13.491336959699794,
                        59.673024304909035
                    ],
                    [
                        13.490679256295977,
                        59.67398814124638
                    ],
                    [
                        13.490026537287207,
                        59.67494952794277
                    ],
                    [
                        13.489572298604173,
                        59.675592016240955
                    ],
                    [
                        13.489499602673021,
                        59.676053442266806
                    ],
                    [
                        13.489523730773954,
                        59.67668933658109
                    ],
                    [
                        13.489856889830378,
                        59.67742354288987
                    ],
                    [
                        13.490184591727598,
                        59.6782966109667
                    ],
                    [
                        13.490508244057963,
                        59.67914282199723
                    ],
                    [
                        13.49065783850972,
                        59.679479012912196
                    ],
                    [
                        13.490899119518048,
                        59.680056375666595
                    ],
                    [
                        13.491121098560313,
                        59.6805877708378
                    ],
                    [
                        13.49132883282951,
                        59.68110272016355
                    ],
                    [
                        13.491752689392342,
                        59.682158555145804
                    ],
                    [
                        13.492164255673629,
                        59.68327314394196
                    ],
                    [
                        13.492391060326327,
                        59.68422673528207
                    ],
                    [
                        13.492521662462565,
                        59.685126841203385
                    ],
                    [
                        13.492553431852514,
                        59.68548002085197
                    ],
                    [
                        13.492568242563067,
                        59.68643484128819
                    ],
                    [
                        13.492476556320668,
                        59.68746098901545
                    ],
                    [
                        13.492273880231068,
                        59.68832352432946
                    ],
                    [
                        13.492027266158601,
                        59.68930613001433
                    ],
                    [
                        13.49182941603135,
                        59.690163392020764
                    ],
                    [
                        13.491534863128095,
                        59.69119610206292
                    ],
                    [
                        13.491269454185186,
                        59.692243496111445
                    ],
                    [
                        13.491090449684407,
                        59.69305451383531
                    ],
                    [
                        13.491109752061135,
                        59.69331411296926
                    ],
                    [
                        13.491167659503304,
                        59.69370373387676
                    ],
                    [
                        13.491355858727388,
                        59.694088159019685
                    ],
                    [
                        13.492234553483087,
                        59.695254836353854
                    ],
                    [
                        13.492993743991263,
                        59.69617212600144
                    ],
                    [
                        13.49379229202242,
                        59.69717204541914
                    ],
                    [
                        13.494634778245086,
                        59.69819564379716
                    ],
                    [
                        13.495402684912023,
                        59.69914956917677
                    ],
                    [
                        13.495808038163943,
                        59.69964137989774
                    ],
                    [
                        13.496156618774847,
                        59.7000979524621
                    ],
                    [
                        13.496576447274634,
                        59.70058029619716
                    ],
                    [
                        13.496870810104156,
                        59.70097470174272
                    ],
                    [
                        13.497284064548609,
                        59.701544052772334
                    ],
                    [
                        13.497732847223034,
                        59.702184332350356
                    ],
                    [
                        13.498071322369299,
                        59.70282523384304
                    ],
                    [
                        13.498847144118002,
                        59.704268181147654
                    ],
                    [
                        13.499100407484661,
                        59.70476643879647
                    ],
                    [
                        13.499312734771905,
                        59.705328760158864
                    ],
                    [
                        13.49947680575778,
                        59.705913076155355
                    ],
                    [
                        13.499588091796795,
                        59.70671979463481
                    ],
                    [
                        13.499621871138118,
                        59.70731616097336
                    ],
                    [
                        13.499668923287118,
                        59.707854396343066
                    ],
                    [
                        13.499502326162371,
                        59.709032871076005
                    ],
                    [
                        13.49935716299629,
                        59.71004902841318
                    ],
                    [
                        13.499188167058037,
                        59.71094256707579
                    ],
                    [
                        13.498932320081025,
                        59.711993909653586
                    ],
                    [
                        13.49871031313009,
                        59.712913896655465
                    ],
                    [
                        13.498462166520312,
                        59.71362304030342
                    ],
                    [
                        13.497974632942203,
                        59.71463299699934
                    ],
                    [
                        13.49751137611068,
                        59.71547744200711
                    ],
                    [
                        13.497120507207796,
                        59.71609311660518
                    ],
                    [
                        13.496763411316692,
                        59.7166041452501
                    ],
                    [
                        13.496314632141662,
                        59.71722223458451
                    ],
                    [
                        13.495647728452383,
                        59.71815447885439
                    ],
                    [
                        13.495082378983199,
                        59.718936283766055
                    ],
                    [
                        13.494391538452419,
                        59.71988128464375
                    ],
                    [
                        13.493744662535136,
                        59.7207394205212
                    ],
                    [
                        13.49346580130674,
                        59.72121763852061
                    ],
                    [
                        13.493241593892435,
                        59.72187757220914
                    ],
                    [
                        13.493130604629101,
                        59.72238851250418
                    ],
                    [
                        13.492863366090347,
                        59.723467430595946
                    ],
                    [
                        13.492740762885688,
                        59.723936993760105
                    ],
                    [
                        13.492335410792009,
                        59.7245427848101
                    ],
                    [
                        13.492036221999712,
                        59.72500016208113
                    ],
                    [
                        13.49162121866567,
                        59.725557277912316
                    ],
                    [
                        13.491015625932988,
                        59.7263503390389
                    ],
                    [
                        13.490430171110091,
                        59.72711508291016
                    ],
                    [
                        13.489794676286607,
                        59.727986909039544
                    ],
                    [
                        13.489162389670184,
                        59.728797005570954
                    ],
                    [
                        13.488633035682511,
                        59.72951823448989
                    ],
                    [
                        13.487764374536567,
                        59.73065673510882
                    ],
                    [
                        13.487036542147763,
                        59.73164786386977
                    ],
                    [
                        13.486346150964039,
                        59.732591935147184
                    ],
                    [
                        13.485840758101943,
                        59.73324188384436
                    ],
                    [
                        13.485200557802301,
                        59.734086379202694
                    ],
                    [
                        13.48472266394117,
                        59.73472125133026
                    ],
                    [
                        13.483942416349493,
                        59.735736594723136
                    ],
                    [
                        13.48320155458083,
                        59.736727455077926
                    ],
                    [
                        13.482429131243208,
                        59.73771039893364
                    ],
                    [
                        13.481854359522742,
                        59.73848968922243
                    ],
                    [
                        13.481020372124846,
                        59.739552761906424
                    ],
                    [
                        13.480707332843508,
                        59.7399089662193
                    ],
                    [
                        13.480282678269987,
                        59.740349111156235
                    ],
                    [
                        13.479473217309959,
                        59.74109757084503
                    ],
                    [
                        13.478200592816961,
                        59.742156330991776
                    ],
                    [
                        13.476910224918782,
                        59.743203411473274
                    ],
                    [
                        13.475320790756854,
                        59.7444422063455
                    ],
                    [
                        13.474055765423714,
                        59.74547000939657
                    ],
                    [
                        13.472780209947416,
                        59.74647994096793
                    ],
                    [
                        13.471428662129767,
                        59.74756670320019
                    ],
                    [
                        13.47107157015293,
                        59.74784385622712
                    ],
                    [
                        13.469937549416613,
                        59.74876282914923
                    ],
                    [
                        13.468793904048198,
                        59.7496770432914
                    ],
                    [
                        13.467840131423173,
                        59.75044034717271
                    ],
                    [
                        13.467547747155777,
                        59.75069241160668
                    ],
                    [
                        13.466934893395916,
                        59.751421695092404
                    ],
                    [
                        13.466876333685349,
                        59.75150224426372
                    ],
                    [
                        13.466596447716427,
                        59.75213913728467
                    ],
                    [
                        13.466501420792525,
                        59.753049017220576
                    ],
                    [
                        13.466433861929659,
                        59.75404044880284
                    ],
                    [
                        13.466370949637309,
                        59.75506128589632
                    ],
                    [
                        13.466317351277581,
                        59.756005128367065
                    ],
                    [
                        13.466273765618865,
                        59.75688024468323
                    ],
                    [
                        13.466219375423634,
                        59.75799346648611
                    ],
                    [
                        13.466146414511769,
                        59.75903875719379
                    ],
                    [
                        13.466098158295466,
                        59.76010727578765
                    ],
                    [
                        13.466020948362456,
                        59.761234122552196
                    ],
                    [
                        13.465962676186962,
                        59.76234209322806
                    ],
                    [
                        13.465898317992952,
                        59.763403347294684
                    ],
                    [
                        13.465859567104388,
                        59.76407683078253
                    ],
                    [
                        13.465927641739512,
                        59.76483853855095
                    ],
                    [
                        13.465872541263366,
                        59.7655091076866
                    ],
                    [
                        13.465814633843507,
                        59.76655151535178
                    ],
                    [
                        13.465812103005248,
                        59.76704197847866
                    ],
                    [
                        13.465889312927288,
                        59.767493914847506
                    ],
                    [
                        13.46636222359541,
                        59.76826454068606
                    ],
                    [
                        13.466737925103644,
                        59.768706985770166
                    ],
                    [
                        13.466926124289955,
                        59.76886977264064
                    ],
                    [
                        13.468055456881274,
                        59.76961571275419
                    ],
                    [
                        13.46867752858958,
                        59.77002935414214
                    ],
                    [
                        13.469193869946679,
                        59.77034519603043
                    ],
                    [
                        13.46996663696109,
                        59.770865875611634
                    ],
                    [
                        13.4706507952084,
                        59.77130358247027
                    ],
                    [
                        13.471408417572974,
                        59.7717748966634
                    ],
                    [
                        13.47215044654456,
                        59.77220574232817
                    ],
                    [
                        13.473048011894349,
                        59.772616309434824
                    ],
                    [
                        13.474896281113871,
                        59.77346204318741
                    ],
                    [
                        13.476137932541775,
                        59.77402326213277
                    ],
                    [
                        13.477412819817346,
                        59.77460933541454
                    ],
                    [
                        13.478030498342605,
                        59.77488140873558
                    ],
                    [
                        13.478754341366766,
                        59.775209350662095
                    ],
                    [
                        13.481081461405239,
                        59.77626836832678
                    ],
                    [
                        13.482109320577592,
                        59.77674447206974
                    ],
                    [
                        13.48324862955522,
                        59.777242470040505
                    ],
                    [
                        13.484319917230039,
                        59.777735561429694
                    ],
                    [
                        13.485929548344473,
                        59.77851351573554
                    ],
                    [
                        13.487203513138695,
                        59.77912560757733
                    ],
                    [
                        13.487903230540468,
                        59.77945836662656
                    ],
                    [
                        13.488800795889432,
                        59.77988098877461
                    ],
                    [
                        13.490357629191095,
                        59.7805993682239
                    ],
                    [
                        13.49104034721762,
                        59.780915325260366
                    ],
                    [
                        13.491416745589277,
                        59.781085338886044
                    ],
                    [
                        13.492179193574913,
                        59.78144965088137
                    ],
                    [
                        13.493978044856021,
                        59.78229428399936
                    ],
                    [
                        13.495338870809206,
                        59.78294273448347
                    ],
                    [
                        13.496621105891762,
                        59.78354235205779
                    ],
                    [
                        13.497118144768109,
                        59.78377549502653
                    ],
                    [
                        13.498605108379422,
                        59.78446796705995
                    ],
                    [
                        13.500246908889778,
                        59.7852425181693
                    ],
                    [
                        13.501984154849168,
                        59.786055865347265
                    ],
                    [
                        13.50294041870535,
                        59.78652442793796
                    ],
                    [
                        13.503707692310286,
                        59.78687411052712
                    ],
                    [
                        13.50408298603341,
                        59.787049186256866
                    ],
                    [
                        13.505318344793551,
                        59.787631979369735
                    ],
                    [
                        13.507166559691967,
                        59.78848429841574
                    ],
                    [
                        13.507723921307587,
                        59.78876403210248
                    ],
                    [
                        13.508138924640804,
                        59.78898014129484
                    ],
                    [
                        13.508857937579393,
                        59.78947305960648
                    ],
                    [
                        13.509424825610012,
                        59.78993696480791
                    ],
                    [
                        13.50993151572672,
                        59.79044200904295
                    ],
                    [
                        13.510524520230717,
                        59.79130529490902
                    ],
                    [
                        13.510688791758326,
                        59.79152918051349
                    ],
                    [
                        13.511166528153979,
                        59.79208033190886
                    ],
                    [
                        13.51211789497458,
                        59.79299122332063
                    ],
                    [
                        13.512441211525157,
                        59.79331898731354
                    ],
                    [
                        13.513435082347257,
                        59.79413484858409
                    ],
                    [
                        13.514144447986183,
                        59.79474907965297
                    ],
                    [
                        13.514482237295226,
                        59.795037982535945
                    ],
                    [
                        13.515095369566126,
                        59.79557960129759
                    ],
                    [
                        13.515863917823822,
                        59.796268049532046
                    ],
                    [
                        13.516571176579845,
                        59.79690818982158
                    ],
                    [
                        13.517010308014875,
                        59.79727718423442
                    ],
                    [
                        13.517361694563277,
                        59.79762140899362
                    ],
                    [
                        13.51808553758741,
                        59.79821372747918
                    ],
                    [
                        13.518432982392568,
                        59.79851473884682
                    ],
                    [
                        13.518828683245943,
                        59.798861868297365
                    ],
                    [
                        13.519142347804149,
                        59.79912896912495
                    ],
                    [
                        13.520311409957458,
                        59.80015615801429
                    ],
                    [
                        13.521073049115444,
                        59.80083551911821
                    ],
                    [
                        13.521805299735462,
                        59.80147422909363
                    ],
                    [
                        13.522375907459974,
                        59.801983058601934
                    ],
                    [
                        13.522869441982238,
                        59.80235089878107
                    ],
                    [
                        13.523657754774604,
                        59.803054588302786
                    ],
                    [
                        13.524717146990469,
                        59.803994315623385
                    ],
                    [
                        13.52559370485747,
                        59.80476414529119
                    ],
                    [
                        13.526472325167731,
                        59.80554860905826
                    ],
                    [
                        13.527321634660524,
                        59.806268953566814
                    ],
                    [
                        13.528216731511407,
                        59.807043701384146
                    ],
                    [
                        13.529082364785523,
                        59.80785316903018
                    ],
                    [
                        13.530083864800616,
                        59.80871544368054
                    ],
                    [
                        13.531126854691706,
                        59.80962433265873
                    ],
                    [
                        13.532002482039417,
                        59.810408897038855
                    ],
                    [
                        13.532349925707479,
                        59.810755904280285
                    ],
                    [
                        13.532846964583825,
                        59.81134798947255
                    ],
                    [
                        13.533503944644195,
                        59.81218844415673
                    ],
                    [
                        13.534230594098801,
                        59.813135386201765
                    ],
                    [
                        13.534998789161222,
                        59.81411438118681
                    ],
                    [
                        13.53567174762486,
                        59.81503616741125
                    ],
                    [
                        13.536315864989916,
                        59.81594348276238
                    ],
                    [
                        13.536438442463975,
                        59.81610912689814
                    ],
                    [
                        13.53673280529344,
                        59.81671082166659
                    ],
                    [
                        13.537072461476583,
                        59.817456029292856
                    ],
                    [
                        13.5375052881312,
                        59.81840265924802
                    ],
                    [
                        13.537737341019124,
                        59.819172129250404
                    ],
                    [
                        13.538039281868635,
                        59.819924172882935
                    ],
                    [
                        13.538288375931216,
                        59.82073688043255
                    ],
                    [
                        13.538569081566635,
                        59.82142488118038
                    ],
                    [
                        13.53878683651925,
                        59.82205225169014
                    ],
                    [
                        13.538965384101232,
                        59.82248875255604
                    ],
                    [
                        13.539187362628809,
                        59.82300543244975
                    ],
                    [
                        13.539387020970992,
                        59.823612149037245
                    ],
                    [
                        13.539537644604877,
                        59.82425331787891
                    ],
                    [
                        13.539663111661469,
                        59.824737843638246
                    ],
                    [
                        13.539807880266096,
                        59.82520112662769
                    ],
                    [
                        13.540015948766921,
                        59.82586065535159
                    ],
                    [
                        13.54018254790293,
                        59.82651524593581
                    ],
                    [
                        13.540333148691843,
                        59.82704400927716
                    ],
                    [
                        13.5404779172965,
                        59.82758487228432
                    ],
                    [
                        13.540680413968545,
                        59.82831858817556
                    ],
                    [
                        13.540714903585183,
                        59.82852394217102
                    ],
                    [
                        13.540763159787048,
                        59.82889258673217
                    ],
                    [
                        13.54070042672467,
                        59.82908660854622
                    ],
                    [
                        13.540709622339506,
                        59.82936100566829
                    ],
                    [
                        13.540593807455991,
                        59.829649608648396
                    ],
                    [
                        13.5404828181926,
                        59.82982179915149
                    ],
                    [
                        13.540013456748653,
                        59.830483649513496
                    ],
                    [
                        13.539316262635651,
                        59.83132039846666
                    ],
                    [
                        13.53868321222376,
                        59.832085048859454
                    ],
                    [
                        13.538060954700995,
                        59.83286974007015
                    ],
                    [
                        13.537486711022353,
                        59.83368209920147
                    ],
                    [
                        13.53713854046589,
                        59.83418963743355
                    ],
                    [
                        13.536936136054095,
                        59.83448092382329
                    ],
                    [
                        13.536448468329581,
                        59.83519882038442
                    ],
                    [
                        13.536107979442733,
                        59.835673457150676
                    ],
                    [
                        13.536059723240953,
                        59.835746200650874
                    ],
                    [
                        13.53592460587663,
                        59.83597655401982
                    ],
                    [
                        13.535797662770534,
                        59.836264907023576
                    ],
                    [
                        13.535734929708951,
                        59.836509805158045
                    ],
                    [
                        13.535725278468618,
                        59.83690018360875
                    ],
                    [
                        13.535803162048637,
                        59.837297376039686
                    ],
                    [
                        13.535928628172627,
                        59.83750832146447
                    ],
                    [
                        13.53641119058912,
                        59.838083474574546
                    ],
                    [
                        13.537307271755964,
                        59.83908016319134
                    ],
                    [
                        13.537841622683459,
                        59.839667611556166
                    ],
                    [
                        13.5385853444065,
                        59.84045371921948
                    ],
                    [
                        13.539241616388836,
                        59.84118346520316
                    ],
                    [
                        13.539867206698062,
                        59.84182565923993
                    ],
                    [
                        13.540454784177257,
                        59.84243239478073
                    ],
                    [
                        13.54081670575465,
                        59.842827552392464
                    ],
                    [
                        13.541091766103364,
                        59.84303603853135
                    ],
                    [
                        13.541501517674618,
                        59.84330428396345
                    ],
                    [
                        13.541839311085766,
                        59.84346913121607
                    ],
                    [
                        13.542157802016163,
                        59.843597614537856
                    ],
                    [
                        13.542751353295301,
                        59.84379882327232
                    ],
                    [
                        13.544054272664368,
                        59.84419638961674
                    ],
                    [
                        13.545399257342325,
                        59.84458629729693
                    ],
                    [
                        13.546166530948085,
                        59.84481416539006
                    ],
                    [
                        13.546988349729304,
                        59.8450282229708
                    ],
                    [
                        13.547736320854312,
                        59.84516639665563
                    ],
                    [
                        13.548457921652357,
                        59.84526974497123
                    ],
                    [
                        13.549374789482044,
                        59.84532549892978
                    ],
                    [
                        13.549745239705231,
                        59.84535299136391
                    ],
                    [
                        13.550184371139324,
                        59.8453796562456
                    ],
                    [
                        13.550560769511094,
                        59.84541601741299
                    ],
                    [
                        13.551443662862624,
                        59.84551161163097
                    ],
                    [
                        13.55237018193273,
                        59.84568129606754
                    ],
                    [
                        13.552545157321305,
                        59.84571766690544
                    ],
                    [
                        13.553312430926184,
                        59.84596491955139
                    ],
                    [
                        13.554320983977107,
                        59.8464206364969
                    ],
                    [
                        13.554663603008379,
                        59.846629100132645
                    ],
                    [
                        13.555363492558968,
                        59.84705096005621
                    ],
                    [
                        13.555894310775784,
                        59.847484845611945
                    ],
                    [
                        13.556539787315216,
                        59.84796012766034
                    ],
                    [
                        13.556887231966698,
                        59.84819282040601
                    ],
                    [
                        13.557360261136495,
                        59.848488772345576
                    ],
                    [
                        13.55782352067149,
                        59.84877720957215
                    ],
                    [
                        13.55834544497344,
                        59.849167951983446
                    ],
                    [
                        13.55910789295811,
                        59.84964786157232
                    ],
                    [
                        13.559718362011097,
                        59.85008241652736
                    ],
                    [
                        13.560196098406692,
                        59.85055504182367
                    ],
                    [
                        13.560485632717132,
                        59.851070948011284
                    ],
                    [
                        13.56057304460532,
                        59.85121680775714
                    ],
                    [
                        13.56075641817145,
                        59.85178636158781
                    ],
                    [
                        13.560919317381575,
                        59.85246662117527
                    ],
                    [
                        13.560982864063362,
                        59.85270074748442
                    ],
                    [
                        13.561040771504736,
                        59.85337206295077
                    ],
                    [
                        13.561158697350919,
                        59.854205654237745
                    ],
                    [
                        13.56117800006163,
                        59.85433097970912
                    ],
                    [
                        13.561308291805744,
                        59.8546896450095
                    ],
                    [
                        13.561634606690319,
                        59.85535616477304
                    ],
                    [
                        13.561962608835671,
                        59.85588185243813
                    ],
                    [
                        13.562213541084361,
                        59.85617507217631
                    ],
                    [
                        13.562348658448684,
                        59.85631804615278
                    ],
                    [
                        13.562715401978664,
                        59.85674505556253
                    ],
                    [
                        13.563043478687547,
                        59.85730960356614
                    ],
                    [
                        13.563083802917248,
                        59.857719897498555
                    ],
                    [
                        13.563132059119056,
                        59.85797190730875
                    ],
                    [
                        13.563025895458622,
                        59.8584661884795
                    ],
                    [
                        13.56240879960356,
                        59.85943230917971
                    ],
                    [
                        13.561911146719865,
                        59.86019112835817
                    ],
                    [
                        13.561527117684307,
                        59.8607893624112
                    ],
                    [
                        13.561498163963165,
                        59.86085235922991
                    ],
                    [
                        13.561425779660397,
                        59.860963814847565
                    ],
                    [
                        13.56129972466573,
                        59.861533792048164
                    ],
                    [
                        13.561420901010308,
                        59.8622593078413
                    ],
                    [
                        13.561513335114796,
                        59.86263342340405
                    ],
                    [
                        13.561614673137825,
                        59.86308406534488
                    ],
                    [
                        13.561806820401188,
                        59.863824908539954
                    ],
                    [
                        13.561995019950672,
                        59.864523651570465
                    ],
                    [
                        13.562092092683713,
                        59.864868373708276
                    ],
                    [
                        13.562289943110386,
                        59.865490991437525
                    ],
                    [
                        13.562473895666074,
                        59.866127922377984
                    ],
                    [
                        13.562526898260927,
                        59.86690738071769
                    ],
                    [
                        13.562560122284822,
                        59.86740529589173
                    ],
                    [
                        13.562608638049625,
                        59.86773009082589
                    ],
                    [
                        13.56256112478468,
                        59.868523141201024
                    ],
                    [
                        13.562274533516927,
                        59.869708496229805
                    ],
                    [
                        13.562124498910094,
                        59.87027854951705
                    ],
                    [
                        13.56194055941458,
                        59.8709912588009
                    ],
                    [
                        13.56183922425555,
                        59.87158953877022
                    ],
                    [
                        13.561790967756252,
                        59.87183479540684
                    ],
                    [
                        13.561897131399405,
                        59.87245728272225
                    ],
                    [
                        13.562293053732247,
                        59.87335847997491
                    ],
                    [
                        13.562526239421544,
                        59.87387390041414
                    ],
                    [
                        13.563168600486335,
                        59.8748195168194
                    ],
                    [
                        13.563294488873936,
                        59.875023383189074
                    ],
                    [
                        13.563728794687933,
                        59.875851669520785
                    ],
                    [
                        13.564158275085248,
                        59.876679309620414
                    ],
                    [
                        13.564302391002286,
                        59.876973193926176
                    ],
                    [
                        13.564789531939198,
                        59.87796351687774
                    ],
                    [
                        13.56512049825767,
                        59.87865312196854
                    ],
                    [
                        13.56545346663222,
                        59.879383328709594
                    ],
                    [
                        13.565847707715477,
                        59.88023618155904
                    ],
                    [
                        13.566073281804847,
                        59.880695552693055
                    ],
                    [
                        13.566353371520592,
                        59.881291954106416
                    ],
                    [
                        13.566580805065911,
                        59.88179557324386
                    ],
                    [
                        13.566783481112822,
                        59.88218784205071
                    ],
                    [
                        13.567169530268188,
                        59.882965103606466
                    ],
                    [
                        13.567657452153554,
                        59.88395662084895
                    ],
                    [
                        13.568015686990492,
                        59.884773442429605
                    ],
                    [
                        13.567957394219064,
                        59.88527608356941
                    ],
                    [
                        13.567595752905873,
                        59.885982778552375
                    ],
                    [
                        13.567330343797465,
                        59.88639436667958
                    ],
                    [
                        13.567122020310734,
                        59.88668309500912
                    ],
                    [
                        13.566456084729737,
                        59.88745056552753
                    ],
                    [
                        13.566012784734937,
                        59.88802899251087
                    ],
                    [
                        13.565771374431137,
                        59.888338908141435
                    ],
                    [
                        13.565510790942966,
                        59.888912668329624
                    ],
                    [
                        13.565273571142825,
                        59.88941067538866
                    ],
                    [
                        13.56506124385561,
                        59.88992389626307
                    ],
                    [
                        13.564810312163047,
                        59.89066764015868
                    ],
                    [
                        13.564559503830111,
                        59.89129250031459
                    ],
                    [
                        13.564245338375542,
                        59.89240632058258
                    ],
                    [
                        13.564009248966329,
                        59.89309547734078
                    ],
                    [
                        13.56378664815142,
                        59.89382722361668
                    ],
                    [
                        13.56368294375443,
                        59.89460648967082
                    ],
                    [
                        13.563622565487123,
                        59.89494348317157
                    ],
                    [
                        13.563613609909055,
                        59.895978031484816
                    ],
                    [
                        13.563641824331967,
                        59.89649003370255
                    ],
                    [
                        13.563776941051174,
                        59.89715138233069
                    ],
                    [
                        13.563887931811252,
                        59.89774274890033
                    ],
                    [
                        13.56395066487363,
                        59.89802349843049
                    ],
                    [
                        13.56409698204709,
                        59.898587630322055
                    ],
                    [
                        13.564254241309811,
                        59.89922586182638
                    ],
                    [
                        13.564370949609952,
                        59.899643471973036
                    ],
                    [
                        13.56456074673497,
                        59.900384808966464
                    ],
                    [
                        13.564710340610333,
                        59.900999958839435
                    ],
                    [
                        13.564768248051678,
                        59.901179040388314
                    ],
                    [
                        13.565044451369403,
                        59.90181867685692
                    ],
                    [
                        13.565078230710697,
                        59.90190821554498
                    ],
                    [
                        13.565598175136557,
                        59.90260610060179
                    ],
                    [
                        13.565862881202861,
                        59.90284219440471
                    ],
                    [
                        13.566080034109405,
                        59.90305514432569
                    ],
                    [
                        13.56638404817923,
                        59.90340360488662
                    ],
                    [
                        13.566533642349896,
                        59.90358996675445
                    ],
                    [
                        13.566799051458275,
                        59.90391664337662
                    ],
                    [
                        13.567117542388615,
                        59.904361886338336
                    ],
                    [
                        13.56725911181698,
                        59.90456762235223
                    ],
                    [
                        13.56760173084831,
                        59.90530322352234
                    ],
                    [
                        13.567910570232357,
                        59.905990415842155
                    ],
                    [
                        13.56806023733904,
                        59.90624204182242
                    ],
                    [
                        13.568262913385894,
                        59.90651062138443
                    ],
                    [
                        13.568823191600245,
                        59.907232677584545
                    ],
                    [
                        13.569122313254383,
                        59.90757390285884
                    ],
                    [
                        13.569686910812464,
                        59.90811103826417
                    ],
                    [
                        13.570201631092516,
                        59.90860409233349
                    ],
                    [
                        13.57050564516328,
                        59.90888475005596
                    ],
                    [
                        13.571215011628993,
                        59.90955522926842
                    ],
                    [
                        13.572066557546776,
                        59.91033069737733
                    ],
                    [
                        13.573054786463388,
                        59.9112441721677
                    ],
                    [
                        13.573267931935874,
                        59.911444001277374
                    ],
                    [
                        13.57426683530872,
                        59.91205365081214
                    ],
                    [
                        13.574638406965164,
                        59.91228589461599
                    ],
                    [
                        13.575912370686751,
                        59.91283746878446
                    ],
                    [
                        13.577608996192481,
                        59.91359330041615
                    ],
                    [
                        13.578981430999505,
                        59.914249702752414
                    ],
                    [
                        13.579740190180729,
                        59.91486509041522
                    ],
                    [
                        13.58001525052947,
                        59.91510941024191
                    ],
                    [
                        13.580654097134612,
                        59.9158679513375
                    ],
                    [
                        13.581411718998368,
                        59.916750855266685
                    ],
                    [
                        13.581518690703263,
                        59.91685850143742
                    ],
                    [
                        13.582319743649435,
                        59.91749465862753
                    ],
                    [
                        13.58311253814233,
                        59.91793032923877
                    ],
                    [
                        13.583841206785792,
                        59.91831491520867
                    ],
                    [
                        13.585182729520596,
                        59.91894862755723
                    ],
                    [
                        13.585911397941658,
                        59.91929450317903
                    ],
                    [
                        13.586673845927209,
                        59.91958958256919
                    ],
                    [
                        13.587400830312419,
                        59.919967682664435
                    ],
                    [
                        13.5881101964751,
                        59.920337733319485
                    ],
                    [
                        13.589340918306249,
                        59.921283495606076
                    ],
                    [
                        13.589895864376672,
                        59.92171641361725
                    ],
                    [
                        13.590257785888667,
                        59.92200179748707
                    ],
                    [
                        13.590967153295821,
                        59.92265694803635
                    ],
                    [
                        13.591793344850686,
                        59.92341936898751
                    ],
                    [
                        13.592094313840363,
                        59.923711294823136
                    ],
                    [
                        13.592620303793296,
                        59.92443921721434
                    ],
                    [
                        13.592866424916366,
                        59.92480438219778
                    ],
                    [
                        13.593093229063271,
                        59.92509941259692
                    ],
                    [
                        13.593345823808903,
                        59.925650632653486
                    ],
                    [
                        13.59361123275616,
                        59.92624793029458
                    ],
                    [
                        13.59388629438277,
                        59.92713053809376
                    ],
                    [
                        13.594026237265325,
                        59.9275682154541
                    ],
                    [
                        13.594233738932331,
                        59.92817273276313
                    ],
                    [
                        13.594497337588251,
                        59.92890326742824
                    ],
                    [
                        13.594714491377516,
                        59.929507759880096
                    ],
                    [
                        13.594873907341793,
                        59.93000412174385
                    ],
                    [
                        13.594951117264714,
                        59.93027976276318
                    ],
                    [
                        13.595094311112888,
                        59.930777123309525
                    ],
                    [
                        13.59514739293411,
                        59.930960879961134
                    ],
                    [
                        13.595108785234231,
                        59.93156603959625
                    ],
                    [
                        13.595070180272756,
                        59.9316385735132
                    ],
                    [
                        13.594779360056975,
                        59.932183372086456
                    ],
                    [
                        13.594198350174054,
                        59.93292472487488
                    ],
                    [
                        13.594043413775637,
                        59.933150025828695
                    ],
                    [
                        13.593599456721336,
                        59.93358520616931
                    ],
                    [
                        13.593188739302377,
                        59.933981513590965
                    ],
                    [
                        13.592619316124171,
                        59.93464151832481
                    ],
                    [
                        13.5920161134203,
                        59.93534986052612
                    ],
                    [
                        13.591292795826973,
                        59.93618280001914
                    ],
                    [
                        13.590895989974769,
                        59.937281491418446
                    ],
                    [
                        13.59055672793113,
                        59.93826617143705
                    ],
                    [
                        13.590477713052309,
                        59.93847155951471
                    ],
                    [
                        13.589320817221193,
                        59.9399046572033
                    ],
                    [
                        13.589096983368904,
                        59.9401726350703
                    ],
                    [
                        13.587880941877813,
                        59.94129701949913
                    ],
                    [
                        13.587011930246831,
                        59.942128741762104
                    ],
                    [
                        13.58615945640176,
                        59.94291819154358
                    ],
                    [
                        13.58528896241927,
                        59.943721410842585
                    ],
                    [
                        13.584519633445524,
                        59.944420138518325
                    ],
                    [
                        13.583522296752108,
                        59.945320047701074
                    ],
                    [
                        13.582709949862618,
                        59.946128729354285
                    ],
                    [
                        13.581864108743815,
                        59.94695214811557
                    ],
                    [
                        13.581220377159326,
                        59.947587968248314
                    ],
                    [
                        13.580597872158222,
                        59.948196953909076
                    ],
                    [
                        13.579593743107068,
                        59.949202508824044
                    ],
                    [
                        13.578863901288344,
                        59.94994277681539
                    ],
                    [
                        13.578220892518544,
                        59.950593600951464
                    ],
                    [
                        13.577815540425718,
                        59.95119769865806
                    ],
                    [
                        13.577125477667465,
                        59.952193226917075
                    ],
                    [
                        13.57642726458576,
                        59.95309578119827
                    ],
                    [
                        13.575643214216285,
                        59.954072967855666
                    ],
                    [
                        13.575006103913466,
                        59.95490809774196
                    ],
                    [
                        13.574271496664835,
                        59.955853520873944
                    ],
                    [
                        13.574153916823008,
                        59.95601875276219
                    ],
                    [
                        13.57373891348982,
                        59.95687159590349
                    ],
                    [
                        13.573256351830423,
                        59.957888346931725
                    ],
                    [
                        13.572846022319908,
                        59.958756165750856
                    ],
                    [
                        13.572725381739247,
                        59.959409180347734
                    ],
                    [
                        13.572585438705971,
                        59.96023093961895
                    ],
                    [
                        13.572439997737149,
                        59.96107428108627
                    ],
                    [
                        13.572256624141431,
                        59.96210626100944
                    ],
                    [
                        13.57221664075999,
                        59.96238082854424
                    ],
                    [
                        13.57221664075999,
                        59.96292915464463
                    ],
                    [
                        13.572169118204016,
                        59.963543396579865
                    ],
                    [
                        13.572125785266707,
                        59.96442532589708
                    ],
                    [
                        13.572092006448884,
                        59.965248968162115
                    ],
                    [
                        13.572034098527439,
                        59.96609191175256
                    ],
                    [
                        13.572019622653642,
                        59.96637171107116
                    ],
                    [
                        13.572024448273822,
                        59.9669489537753
                    ],
                    [
                        13.571981975460886,
                        59.967685396716945
                    ],
                    [
                        13.571963868991787,
                        59.968615054355354
                    ],
                    [
                        13.571934917356344,
                        59.96906032862444
                    ],
                    [
                        13.571983173558237,
                        59.96951677303676
                    ],
                    [
                        13.572035112022746,
                        59.970368081549196
                    ],
                    [
                        13.572083368657616,
                        59.97126160759754
                    ],
                    [
                        13.572141277833822,
                        59.972195079448426
                    ],
                    [
                        13.57220374302301,
                        59.97306011825873
                    ],
                    [
                        13.572223045448425,
                        59.97331450641363
                    ],
                    [
                        13.572512582657708,
                        59.97390128697998
                    ],
                    [
                        13.5728997358664,
                        59.97472151943481
                    ],
                    [
                        13.573276683690096,
                        59.97549976127968
                    ],
                    [
                        13.573657621231746,
                        59.97628037501363
                    ],
                    [
                        13.573994035006223,
                        59.976948229508
                    ],
                    [
                        13.574076070508,
                        59.97712653923989
                    ],
                    [
                        13.574553806903566,
                        59.97779534296299
                    ],
                    [
                        13.575035350069243,
                        59.97851064336922
                    ],
                    [
                        13.57566213447862,
                        59.97940866531158
                    ],
                    [
                        13.576236984825812,
                        59.98023660990236
                    ],
                    [
                        13.57675056276355,
                        59.981015963115226
                    ],
                    [
                        13.57725048543341,
                        59.9817558661081
                    ],
                    [
                        13.577824131742773,
                        59.98258463642105
                    ],
                    [
                        13.578225140035585,
                        59.983180138771104
                    ],
                    [
                        13.578712527671598,
                        59.98367501261649
                    ],
                    [
                        13.579078699940169,
                        59.984023810880046
                    ],
                    [
                        13.57938271401082,
                        59.984342454082736
                    ],
                    [
                        13.580844008869633,
                        59.98514490610606
                    ],
                    [
                        13.581722273210318,
                        59.98543457296475
                    ],
                    [
                        13.582732317196786,
                        59.98575376150919
                    ],
                    [
                        13.583668487507254,
                        59.986125492185096
                    ],
                    [
                        13.58424156034664,
                        59.986471620495365
                    ],
                    [
                        13.584546818884604,
                        59.986864210987505
                    ],
                    [
                        13.584879786675543,
                        59.98720455054402
                    ],
                    [
                        13.585085406572802,
                        59.987319509826705
                    ],
                    [
                        13.585442502494999,
                        59.9874401963483
                    ],
                    [
                        13.585573538326031,
                        59.9875256016401
                    ],
                    [
                        13.585621794527896,
                        59.98766318338801
                    ],
                    [
                        13.585573538326031,
                        59.98774766312533
                    ],
                    [
                        13.585448072202126,
                        59.98781283306141
                    ],
                    [
                        13.585341908558974,
                        59.987853865917884
                    ],
                    [
                        13.585274349876357,
                        59.98797937786932
                    ],
                    [
                        13.58534686707361,
                        59.98860340333175
                    ],
                    [
                        13.58559780366528,
                        59.98930852002866
                    ],
                    [
                        13.586062606605822,
                        59.990108567593666
                    ],
                    [
                        13.586496912419733,
                        59.99055989490938
                    ],
                    [
                        13.586986148627545,
                        59.99091123876954
                    ],
                    [
                        13.58755074618557,
                        59.99150736122533
                    ],
                    [
                        13.588152442316328,
                        59.99224378249511
                    ],
                    [
                        13.588596378985159,
                        59.99286790507222
                    ],
                    [
                        13.5888763794633,
                        59.99329043377264
                    ],
                    [
                        13.589054927409194,
                        59.9935896815515
                    ],
                    [
                        13.589228918402,
                        59.99390152714278
                    ],
                    [
                        13.589339907666215,
                        59.99410906641165
                    ],
                    [
                        13.589590839914052,
                        59.99454827313062
                    ],
                    [
                        13.589933350756723,
                        59.995163954711984
                    ],
                    [
                        13.590161037783162,
                        59.99556527458586
                    ],
                    [
                        13.590320283248332,
                        59.9958958722288
                    ],
                    [
                        13.590570197832648,
                        59.99621292936709
                    ],
                    [
                        13.590739094538236,
                        59.996384258050824
                    ],
                    [
                        13.591240959034792,
                        59.996784825877256
                    ],
                    [
                        13.591747743303785,
                        59.99721190888127
                    ],
                    [
                        13.591902163148774,
                        59.99737840638909
                    ],
                    [
                        13.592201350797183,
                        59.9978389602438
                    ],
                    [
                        13.592351012394147,
                        59.99807554689133
                    ],
                    [
                        13.592490955378622,
                        59.998394054816856
                    ],
                    [
                        13.592616421503436,
                        59.99865223702142
                    ],
                    [
                        13.592926348242855,
                        59.99912251363142
                    ],
                    [
                        13.593322049096201,
                        59.99939275442489
                    ],
                    [
                        13.593941027407226,
                        59.99972621603666
                    ],
                    [
                        13.594500799345923,
                        59.99999162627739
                    ],
                    [
                        13.594857158452072,
                        60.00012383291755
                    ],
                    [
                        13.595416930389945,
                        60.000256536708804
                    ],
                    [
                        13.595788503142387,
                        60.000287902981825
                    ],
                    [
                        13.596314497591749,
                        60.0003047931107
                    ],
                    [
                        13.596951479452514,
                        60.000321682621006
                    ],
                    [
                        13.597371308406764,
                        60.000333746551945
                    ],
                    [
                        13.597853870422568,
                        60.00032892098011
                    ],
                    [
                        13.597984359665816,
                        60.00032468688417
                    ],
                    [
                        13.59908460106169,
                        60.00014131460969
                    ],
                    [
                        13.599682977961038,
                        60.000054453703825
                    ],
                    [
                        13.60039234412372,
                        59.99998206944147
                    ],
                    [
                        13.601073389231999,
                        59.99995993572935
                    ],
                    [
                        13.6014160082633,
                        59.99996476135502
                    ],
                    [
                        13.601666940511109,
                        59.999998540714614
                    ],
                    [
                        13.60272857694548,
                        60.00014572180842
                    ],
                    [
                        13.602897477453382,
                        60.000157786365094
                    ],
                    [
                        13.603158060942434,
                        60.000116768763775
                    ],
                    [
                        13.603539284934385,
                        60.00005403586374
                    ],
                    [
                        13.604055626291455,
                        59.99998406441182
                    ],
                    [
                        13.60426795357867,
                        59.99999371565542
                    ],
                    [
                        13.604383768462242,
                        60.00001784375172
                    ],
                    [
                        13.604518885826508,
                        60.0001143559621
                    ],
                    [
                        13.604644351950384,
                        60.00024223420726
                    ],
                    [
                        13.604731213113695,
                        60.00050522753426
                    ],
                    [
                        13.604924238041576,
                        60.00103603588818
                    ],
                    [
                        13.605071522145522,
                        60.001310548402444
                    ],
                    [
                        13.60525489571171,
                        60.00184616668207
                    ],
                    [
                        13.605303152720978,
                        60.00200303159292
                    ],
                    [
                        13.605327280821854,
                        60.00219604414818
                    ],
                    [
                        13.605264547759504,
                        60.00259412898603
                    ],
                    [
                        13.605259359591713,
                        60.002716988200774
                    ],
                    [
                        13.605182149668792,
                        60.00315366807203
                    ],
                    [
                        13.605059593208011,
                        60.00342591121026
                    ],
                    [
                        13.604982383285119,
                        60.003503113046236
                    ],
                    [
                        13.60531052545582,
                        60.00362615309973
                    ],
                    [
                        13.605430876806224,
                        60.0040469437873
                    ],
                    [
                        13.605464656146637,
                        60.00415791928637
                    ],
                    [
                        13.605469481766875,
                        60.004312319360935
                    ],
                    [
                        13.605396736055013,
                        60.00446456692134
                    ],
                    [
                        13.60510719884573,
                        60.00452246649729
                    ],
                    [
                        13.604730800474016,
                        60.00451522905587
                    ],
                    [
                        13.604672893031761,
                        60.004635852872354
                    ],
                    [
                        13.604614985589564,
                        60.00475647624938
                    ],
                    [
                        13.60440748392341,
                        60.00509180692512
                    ],
                    [
                        13.604012451196894,
                        60.005724118880096
                    ],
                    [
                        13.603332034222433,
                        60.00667941362494
                    ],
                    [
                        13.603645699532677,
                        60.00675419554935
                    ],
                    [
                        13.603476802827089,
                        60.00701472480375
                    ],
                    [
                        13.603375464804088,
                        60.00710156743264
                    ],
                    [
                        13.603182439305499,
                        60.00708709351474
                    ],
                    [
                        13.60303284508069,
                        60.007123277892134
                    ],
                    [
                        13.602912204576086,
                        60.00725836588376
                    ],
                    [
                        13.602530980584163,
                        60.007796300091144
                    ],
                    [
                        13.602004320228446,
                        60.008551691107044
                    ],
                    [
                        13.601401123672133,
                        60.0094236497639
                    ],
                    [
                        13.60131968815304,
                        60.00954365622687
                    ],
                    [
                        13.601141140207147,
                        60.00981139978978
                    ],
                    [
                        13.60060866523986,
                        60.01055665810995
                    ],
                    [
                        13.600049000486962,
                        60.01137804844279
                    ],
                    [
                        13.599638462296781,
                        60.01195719261162
                    ],
                    [
                        13.599304769760664,
                        60.01248649020431
                    ],
                    [
                        13.59886423779372,
                        60.01313385978426
                    ],
                    [
                        13.59876709938061,
                        60.013280892507936
                    ],
                    [
                        13.598511341512534,
                        60.01368849117745
                    ],
                    [
                        13.598207080329786,
                        60.01413958791264
                    ],
                    [
                        13.597917543120474,
                        60.01456646998224
                    ],
                    [
                        13.597625018210408,
                        60.01503889547911
                    ],
                    [
                        13.59720946082598,
                        60.0156854127284
                    ],
                    [
                        13.59676283553469,
                        60.01632384125102
                    ],
                    [
                        13.596520909477505,
                        60.01669184857931
                    ],
                    [
                        13.59626032598922,
                        60.017075289560665
                    ],
                    [
                        13.595936194758934,
                        60.01759860773549
                    ],
                    [
                        13.595752821192804,
                        60.017842170998165
                    ],
                    [
                        13.59532633502269,
                        60.018473223895796
                    ],
                    [
                        13.595031972693391,
                        60.01946901177541
                    ],
                    [
                        13.594894506886646,
                        60.020063743863886
                    ],
                    [
                        13.59481729724584,
                        60.02035718128545
                    ],
                    [
                        13.594740087759135,
                        60.02109638532957
                    ],
                    [
                        13.594846252381416,
                        60.021943148782015
                    ],
                    [
                        13.594972074708608,
                        60.022749333997666
                    ],
                    [
                        13.595121670836619,
                        60.02366955011655
                    ],
                    [
                        13.595299377703725,
                        60.02455447177263
                    ],
                    [
                        13.595408021437692,
                        60.02517584918141
                    ],
                    [
                        13.595501655139032,
                        60.02574900540668
                    ],
                    [
                        13.595525783239964,
                        60.02592741387264
                    ],
                    [
                        13.595549610796127,
                        60.02651875983821
                    ],
                    [
                        13.595541249847429,
                        60.02683596726263
                    ],
                    [
                        13.595464039924536,
                        60.02729643686632
                    ],
                    [
                        13.595385443446588,
                        60.02766945021426
                    ],
                    [
                        13.594954872228698,
                        60.02856912136906
                    ],
                    [
                        13.594863185445178,
                        60.02877162172973
                    ],
                    [
                        13.594697554432429,
                        60.028837490093395
                    ],
                    [
                        13.5944562734241,
                        60.028864007853144
                    ],
                    [
                        13.594181213075302,
                        60.028856775738944
                    ],
                    [
                        13.593766209742142,
                        60.028794097350044
                    ],
                    [
                        13.593510451873243,
                        60.02872659741365
                    ],
                    [
                        13.593090622919846,
                        60.02868561524184
                    ],
                    [
                        13.592661142726087,
                        60.02870249025992
                    ],
                    [
                        13.592405384857244,
                        60.02874588312352
                    ],
                    [
                        13.592082068306638,
                        60.028856775738944
                    ],
                    [
                        13.591749006284942,
                        60.029076104166535
                    ],
                    [
                        13.591440166594055,
                        60.02926413737205
                    ],
                    [
                        13.591116850044301,
                        60.02949074006946
                    ],
                    [
                        13.59048286829912,
                        60.02989518656361
                    ],
                    [
                        13.590574555081815,
                        60.03026642137752
                    ],
                    [
                        13.590633662629955,
                        60.030492405387434
                    ],
                    [
                        13.590667441971277,
                        60.03097210844828
                    ],
                    [
                        13.59065697298908,
                        60.03139333820823
                    ],
                    [
                        13.590854827102163,
                        60.03228521440653
                    ],
                    [
                        13.59065923575713,
                        60.03140061823788
                    ],
                    [
                        13.59111645899199,
                        60.03157936133553
                    ],
                    [
                        13.591439497147178,
                        60.03215530473807
                    ],
                    [
                        13.591528952458134,
                        60.03252070984175
                    ],
                    [
                        13.591489193915777,
                        60.03267462234851
                    ],
                    [
                        13.591434348812612,
                        60.03293598186576
                    ],
                    [
                        13.591449258265982,
                        60.033022866954326
                    ],
                    [
                        13.591876662594956,
                        60.03317429470522
                    ],
                    [
                        13.59181632810251,
                        60.03353748070856
                    ],
                    [
                        13.591877567997727,
                        60.034042193679085
                    ],
                    [
                        13.592260317341555,
                        60.03459660434228
                    ],
                    [
                        13.592817912353667,
                        60.03504426600591
                    ],
                    [
                        13.593751820751862,
                        60.03556424946987
                    ],
                    [
                        13.594532624547867,
                        60.03582423923416
                    ],
                    [
                        13.595053163654654,
                        60.035969526124944
                    ],
                    [
                        13.596278748726121,
                        60.0361210483575
                    ],
                    [
                        13.597189692163596,
                        60.03621280774897
                    ],
                    [
                        13.59804705192795,
                        60.03622045263347
                    ],
                    [
                        13.598521661113267,
                        60.03618221959374
                    ],
                    [
                        13.599141715048376,
                        60.036067520208235
                    ],
                    [
                        13.59978473394554,
                        60.03592988042058
                    ],
                    [
                        13.600500837689879,
                        60.035666501642055
                    ],
                    [
                        13.601281646349946,
                        60.035234458470626
                    ],
                    [
                        13.60213900330669,
                        60.034588182527756
                    ],
                    [
                        13.602827952125267,
                        60.03404906593926
                    ],
                    [
                        13.603804220298827,
                        60.03333718633672
                    ],
                    [
                        13.604623303893504,
                        60.032698633036915
                    ],
                    [
                        13.605832796476193,
                        60.03181151788499
                    ],
                    [
                        13.606741693472713,
                        60.03110946401267
                    ],
                    [
                        13.607576087041167,
                        60.030489987483406
                    ],
                    [
                        13.608849313564662,
                        60.02954782258797
                    ],
                    [
                        13.609821496896018,
                        60.02886713038819
                    ],
                    [
                        13.610429921734891,
                        60.02842546007429
                    ],
                    [
                        13.61204512396344,
                        60.02729347630341
                    ],
                    [
                        13.612695799177601,
                        60.02682690175246
                    ],
                    [
                        13.613752187364838,
                        60.02615762689945
                    ],
                    [
                        13.614333966365507,
                        60.02588608866492
                    ],
                    [
                        13.615283180055712,
                        60.025595428947156
                    ],
                    [
                        13.616324258269174,
                        60.02536595625884
                    ],
                    [
                        13.616860107348344,
                        60.025285640441325
                    ],
                    [
                        13.617120376901738,
                        60.02525886845902
                    ]
                ],
                "type": "LineString"
            }
        }
    ]
}